Timestamp(ms),Current(uA)
0,0.141
10,0.145
20,0.144
30,0.149
40,0.152
50,0.149
60,0.151
70,0.154
80,0.160
90,0.159
100,0.154
110,0.153
120,0.153
130,0.158
140,0.158
150,0.164
160,0.167
170,0.168
180,0.163
190,0.159
200,0.160
210,0.152
220,0.151
230,0.149
240,0.163
250,0.165
260,0.166
270,0.167
280,0.167
290,0.175
300,0.177
310,0.177
320,0.172
330,0.180
340,0.169
350,0.163
360,0.160
370,0.163
380,0.162
390,0.160
400,0.158
410,0.166
420,0.163
430,0.166
440,0.155
450,0.152
460,0.144
470,0.144
480,0.149
490,0.146
500,0.149
510,0.148
520,0.153
530,0.151
540,0.148
550,0.150
560,0.146
570,0.153
580,0.151
590,0.142
600,0.143
610,0.144
620,0.145
630,0.138
640,0.144
650,0.149
660,0.148
670,0.156
680,0.139
690,0.133
700,0.133
710,0.129
720,0.140
730,0.136
740,0.140
750,0.136
760,0.132
770,0.127
780,0.129
790,0.131
800,0.127
810,0.128
820,0.127
830,0.130
840,0.129
850,0.130
860,0.123
870,0.127
880,0.129
890,0.126
900,0.126
910,0.128
920,0.122
930,0.122
940,0.120
950,0.119
960,0.118
970,0.115
980,0.118
990,0.118
1000,0.117
1010,0.118
1020,0.105
1030,0.110
1040,0.114
1050,0.115
1060,0.109
1070,0.116
1080,0.119
1090,0.112
1100,0.111
1110,0.117
1120,0.116
1130,0.115
1140,0.119
1150,0.119
1160,0.113
1170,0.116
1180,0.107
1190,0.107
1200,0.108
1210,0.105
1220,0.102
1230,0.112
1240,0.109
1250,0.102
1260,0.100
1270,0.104
1280,0.110
1290,0.118
1300,0.113
1310,0.113
1320,0.112
1330,0.098
1340,0.099
1350,0.104
1360,0.100
1370,0.099
1380,0.093
1390,0.096
1400,0.114
1410,0.112
1420,0.109
1430,0.106
1440,0.101
1450,0.108
1460,0.111
1470,0.114
1480,0.113
1490,0.114
1500,0.116
1510,0.108
1520,0.107
1530,0.103
1540,0.110
1550,0.114
1560,0.103
1570,0.106
1580,0.105
1590,0.103
1600,0.105
1610,0.098
1620,28593.408
1630,16382.282
1640,11793.826
1650,10116.221
1660,9511.828
1670,9309.876
1680,9266.067
1690,9269.752
1700,9302.742
1710,9342.463
1720,9391.734
1730,9441.335
1740,9493.920
1750,9544.660
1760,9601.344
1770,9654.186
1780,9689.535
1790,9741.201
1800,9799.964
1810,9844.170
1820,9893.864
1830,9952.826
1840,10003.232
1850,10051.431
1860,10102.795
1870,10151.993
1880,10203.083
1890,10247.659
1900,10296.507
1910,10344.403
1920,10387.663
1930,10430.759
1940,10482.788
1950,10535.332
1960,10580.263
1970,10611.362
1980,10663.674
1990,10702.824
2000,10739.498
2010,10774.953
2020,10804.021
2030,10841.546
2040,10881.687
2050,10902.086
2060,10749.151
2070,10699.102
2080,10685.039
2090,10850.479
2100,8098.520
2110,6616.122
2120,6074.761
2130,5867.926
2140,5792.018
2150,5759.596
2160,5741.750
2170,5735.851
2180,5724.625
2190,5723.379
2200,5715.314
2210,5707.393
2220,5702.244
2230,5688.731
2240,5680.665
2250,5574.333
2260,5453.249
2270,5393.189
2280,5353.691
2290,5325.497
2300,5298.385
2310,5274.282
2320,5239.557
2330,5217.083
2340,5175.499
2350,5124.405
2360,5132.692
2370,5097.854
2380,5075.007
2390,4964.167
2400,4999.795
2410,4939.201
2420,4935.421
2430,4913.919
2440,4910.043
2450,4867.988
2460,4884.137
2470,4872.606
2480,4839.711
2490,4833.402
2500,4814.810
2510,4802.638
2520,4775.395
2530,4757.021
2540,4736.092
2550,4718.839
2560,4698.409
2570,4882.866
2580,5687.880
2590,5964.093
2600,4885.376
2610,4276.964
2620,4046.432
2630,3947.556
2640,3899.515
2650,3869.278
2660,3851.695
2670,4254.183
2680,3948.935
2690,4729.146
2700,5982.782
2710,6239.741
2720,5819.250
2730,4672.540
2740,4137.308
2750,4827.308
2760,4929.909
2770,5490.040
2780,4704.896
2790,4007.318
2800,3747.169
2810,3641.056
2820,3597.958
2830,3580.081
2840,3564.252
2850,3551.446
2860,3545.928
2870,3984.163
2880,4120.577
2890,4163.578
2900,4177.846
2910,3894.678
2920,3646.274
2930,3556.012
2940,3520.653
2950,3502.900
2960,3493.710
2970,3488.910
2980,3478.088
2990,3477.541
3000,3474.594
3010,3466.941
3020,3467.274
3030,3465.510
3040,3463.518
3050,3457.573
3060,3452.250
3070,3449.421
3080,3450.470
3090,3454.203
3100,3450.887
3110,3445.210
3120,3443.967
3130,3443.484
3140,3445.067
3150,3443.942
3160,3444.858
3170,3440.691
3180,3442.123
3190,3444.137
3200,3438.783
3210,3437.979
3220,3440.609
3230,3437.987
3240,3437.726
3250,3437.148
3260,3432.252
3270,3432.565
3280,3436.276
3290,3436.211
3300,3439.401
3310,3435.932
3320,3438.022
3330,3435.271
3340,3434.051
3350,3438.242
3360,3439.660
3370,3435.929
3380,3431.210
3390,3430.614
3400,3433.270
3410,3436.434
3420,3433.957
3430,3436.223
3440,3435.616
3450,3439.663
3460,3437.885
3470,3437.089
3480,3437.623
3490,3435.539
3500,3433.080
3510,3436.277
3520,3435.365
3530,3432.327
3540,3433.111
3550,3432.271
3560,3439.645
3570,3436.302
3580,3436.140
3590,3433.620
3600,3437.893
3610,3435.302
3620,3433.036
3630,3433.345
3640,3436.487
3650,3438.674
3660,3435.532
3670,3438.044
3680,3439.283
3690,3439.207
3700,3433.062
3710,3435.939
3720,3440.648
3730,3438.040
3740,3434.112
3750,3430.558
3760,3434.927
3770,3429.941
3780,3427.695
3790,3432.957
3800,3434.627
3810,3432.640
3820,3430.787
3830,3429.359
3840,3435.645
3850,3436.911
3860,3436.712
3870,3432.033
3880,3425.118
3890,3434.913
3900,3434.099
3910,3434.250
3920,3432.307
3930,3435.134
3940,3434.358
3950,3435.805
3960,3436.193
3970,3434.291
3980,3436.197
3990,3432.977
4000,3431.238
4010,3432.492
4020,3433.297
4030,3427.201
4040,3427.804
4050,3433.474
4060,3429.782
4070,3435.648
4080,3436.475
4090,3433.801
4100,3433.330
4110,3434.985
4120,3438.125
4130,3433.710
4140,3435.509
4150,3432.927
4160,3432.450
4170,3434.353
4180,3435.458
4190,3433.396
4200,3432.427
4210,3439.642
4220,3434.271
4230,3435.315
4240,3439.540
4250,3433.345
4260,3431.926
4270,3431.719
4280,3434.311
4290,3434.357
4300,3436.957
4310,3438.243
4320,3440.741
4330,3437.181
4340,3439.307
4350,3437.256
4360,3439.489
4370,3438.801
4380,3436.436
4390,3435.292
4400,3438.093
4410,3441.415
4420,3435.972
4430,3435.059
4440,3441.675
4450,3435.482
4460,3437.450
4470,3436.685
4480,3440.318
4490,3438.620
4500,3440.575
4510,3436.662
4520,3436.089
4530,3434.250
4540,3434.003
4550,3433.646
4560,3439.543
4570,3437.083
4580,3436.355
4590,3441.430
4600,3440.190
4610,3444.512
4620,3437.719
4630,3437.934
4640,3437.570
4650,3442.872
4660,3438.428
4670,3440.899
4680,3442.441
4690,3443.779
4700,3438.303
4710,3439.477
4720,3441.355
4730,3439.854
4740,3437.540
4750,3439.382
4760,3438.919
4770,3430.807
4780,3430.987
4790,3435.503
4800,3431.252
4810,3434.449
4820,3429.996
4830,3435.741
4840,3432.911
4850,3433.487
4860,3433.852
4870,3436.124
4880,3436.802
4890,3435.862
4900,3434.087
4910,3429.514
4920,3430.366
4930,3431.965
4940,3434.171
4950,3433.213
4960,3431.085
4970,3436.392
4980,3434.353
4990,3432.555
5000,3437.109
5010,3439.981
5020,3435.819
5030,3434.629
5040,3431.653
5050,3433.090
5060,3433.490
5070,3435.050
5080,3433.823
5090,3437.352
5100,3435.393
5110,3436.853
5120,3439.318
5130,3439.268
5140,3435.828
5150,3438.218
5160,3434.828
5170,3437.052
5180,3437.387
5190,3433.972
5200,3436.738
5210,3439.782
5220,3438.072
5230,3432.138
5240,3438.634
5250,3435.465
5260,3435.798
5270,3439.662
5280,3435.706
5290,3435.509
5300,3435.878
5310,3430.327
5320,3434.145
5330,3437.470
5340,3434.866
5350,3433.925
5360,3434.739
5370,3435.062
5380,3438.828
5390,3436.029
5400,3440.352
5410,3436.893
5420,3436.430
5430,3434.221
5440,3430.838
5450,3438.162
5460,3441.250
5470,3436.686
5480,3440.538
5490,3438.347
5500,3438.640
5510,3435.249
5520,3443.269
5530,3439.159
5540,3438.974
5550,3434.937
5560,3435.459
5570,3434.160
5580,3436.511
5590,3436.854
5600,3438.921
5610,3436.086
5620,3440.162
5630,3443.287
5640,3441.669
5650,12461.857
5660,30114.285
5670,36620.473
5680,39006.895
5690,39902.344
5700,40206.973
5710,39941.707
5720,40263.207
5730,40404.660
5740,40444.098
5750,40485.539
5760,40471.488
5770,40492.824
5780,40478.941
5790,40503.121
5800,40480.898
5810,40488.168
5820,40493.348
5830,40508.391
5840,40490.367
5850,40955.957
5860,40770.074
5870,40715.953
5880,40670.547
5890,40667.551
5900,40662.270
5910,40226.547
5920,40480.777
5930,40656.754
5940,40729.906
5950,41178.574
5960,41320.191
5970,41392.320
5980,41420.730
5990,41182.570
6000,41387.156
6010,41452.320
6020,41483.637
6030,41501.977
6040,40942.094
6050,40774.652
6060,40874.918
6070,40972.297
6080,41010.379
6090,41034.289
6100,40696.281
6110,40920.809
6120,40983.902
6130,41017.730
6140,41003.563
6150,40418.500
6160,40776.539
6170,40931.559
6180,40994.613
6190,41033.332
6200,41029.031
6210,40764.047
6220,40995.512
6230,41070.512
6240,41097.949
6250,41109.688
6260,40887.254
6270,41418.727
6280,41160.828
6290,41392.414
6300,41604.137
6310,41275.016
6320,41510.430
6330,41127.742
6340,41472.441
6350,41322.688
6360,40823.363
6370,40834.926
6380,40814.031
6390,40877.762
6400,40899.121
6410,40553.148
6420,40830.797
6430,40943.770
6440,40971.191
6450,41006.582
6460,40553.973
6470,40823.973
6480,41005.754
6490,41086.086
6500,41112.227
6510,41015.977
6520,40595.957
6530,40819.988
6540,40902.688
6550,40926.766
6560,40917.094
6570,40589.504
6580,41214.996
6590,41209.527
6600,41407.172
6610,41493.688
6620,41247.938
6630,41308.078
6640,41096.070
6650,41314.172
6660,40800.773
6670,41158.066
6680,41232.547
6690,41113.375
6700,41229.309
6710,40295.637
6720,40551.238
6730,40549.539
6740,40561.188
6750,40512.707
6760,40477.605
6770,40419.684
6780,40372.031
6790,40367.938
6800,40356.270
6810,40331.301
6820,40343.859
6830,40352.215
6840,40354.086
6850,40798.215
6860,40627.137
6870,40553.660
6880,40540.602
6890,40529.051
6900,40529.195
6910,40249.918
6920,40458.469
6930,40698.168
6940,40796.895
6950,40810.191
6960,40830.805
6970,40828.113
6980,40861.094
6990,40871.590
7000,40867.598
7010,40852.094
7020,40875.359
7030,40867.848
7040,40873.082
7050,40864.328
7060,40874.746
7070,40889.070
7080,40899.547
7090,40887.379
7100,40882.746
7110,40876.367
7120,40535.953
7130,40788.891
7140,40885.738
7150,40906.512
7160,40932.480
7170,40939.613
7180,40961.242
7190,40947.547
7200,40963.234
7210,40953.973
7220,40984.039
7230,40968.152
7240,40971.652
7250,40946.391
7260,40964.344
7270,40951.008
7280,40971.961
7290,40970.297
7300,40985.336
7310,40979.844
7320,40451.316
7330,40808.266
7340,40911.680
7350,40921.617
7360,41052.418
7370,41103.449
7380,41137.336
7390,41130.629
7400,41163.926
7410,41134.441
7420,41149.668
7430,41139.695
7440,41160.844
7450,41162.617
7460,41157.652
7470,41146.711
7480,41172.570
7490,41151.352
7500,41161.230
7510,41141.742
7520,41046.672
7530,40725.730
7540,40940.703
7550,40805.609
7560,41394.461
7570,41615.992
7580,41701.266
7590,41739.266
7600,41304.066
7610,41534.961
7620,41694.582
7630,41733.219
7640,41755.258
7650,41749.590
7660,41625.082
7670,41757.867
7680,41844.664
7690,41849.223
7700,41890.203
7710,41620.789
7720,41760.324
7730,41749.898
7740,41762.367
7750,41737.000
7760,40967.578
7770,41028.680
7780,41141.805
7790,41146.934
7800,41186.238
7810,41125.699
7820,40924.293
7830,41065.816
7840,41148.109
7850,41613.246
7860,41415.461
7870,40853.867
7880,41162.684
7890,41245.473
7900,41305.906
7910,41295.348
7920,40974.762
7930,40954.387
7940,41126.688
7950,41160.879
7960,41192.500
7970,41163.379
7980,41121.547
7990,41562.703
8000,41440.145
8010,41721.699
8020,41525.523
8030,41628.895
8040,41842.391
8050,41538.449
8060,41827.738
8070,41391.918
8080,41763.961
8090,41570.699
8100,41720.371
8110,41808.754
8120,41158.906
8130,41136.391
8140,41106.758
8150,41049.129
8160,41007.629
8170,40491.770
8180,40866.289
8190,40970.273
8200,41035.848
8210,41023.703
8220,40972.324
8230,40892.316
8240,41069.488
8250,41156.766
8260,41237.754
8270,41235.957
8280,40923.609
8290,41176.422
8300,41311.969
8310,41324.777
8320,41342.172
8330,40844.742
8340,41528.199
8350,41675.746
8360,41498.262
8370,41719.633
8380,41426.680
8390,41717.027
8400,41517.594
8410,41788.813
8420,41814.758
8430,41754.121
8440,41856.191
8450,41708.133
8460,41908.230
8470,40898.805
8480,41249.328
8490,41288.273
8500,41333.324
8510,41218.582
8520,41160.793
8530,41092.605
8540,41062.582
8550,41014.488
8560,41044.609
8570,41023.113
8580,41053.410
8590,41027.707
8600,41044.141
8610,41025.617
8620,41055.770
8630,41041.848
8640,41076.266
8650,41036.820
8660,41059.238
8670,41035.090
8680,40931.730
8690,41216.574
8700,41355.250
8710,41344.566
8720,41394.770
8730,41359.109
8740,41397.969
8750,41382.473
8760,41388.160
8770,41364.043
8780,41394.207
8790,41385.066
8800,41407.402
8810,41378.242
8820,41413.063
8830,41401.715
8840,41434.508
8850,41847.633
8860,41672.961
8870,41577.320
8880,41150.973
8890,41430.832
8900,41574.809
8910,41574.766
8920,41615.004
8930,41622.070
8940,41654.918
8950,41657.430
8960,41842.684
8970,41853.871
8980,41928.137
8990,41886.391
9000,41931.586
9010,41879.891
9020,41935.570
9030,41886.563
9040,41947.066
9050,41894.324
9060,41923.801
9070,41872.391
9080,41644.359
9090,41671.727
9100,41913.813
9110,41603.012
9120,41968.816
9130,41500.004
9140,41970.645
9150,42067.906
9160,41848.410
9170,41998.895
9180,41680.383
9190,41968.813
9200,41797.695
9210,42142.996
9220,42443.887
9230,42197.988
9240,42457.441
9250,42173.879
9260,42459.277
9270,42127.406
9280,42436.891
9290,42438.781
9300,42412.969
9310,42506.129
9320,41798.648
9330,41915.648
9340,41495.219
9350,41630.355
9360,41749.406
9370,41739.305
9380,42208.113
9390,42009.051
9400,42340.566
9410,41812.723
9420,41827.301
9430,41800.309
9440,41662.184
9450,41750.559
9460,41617.316
9470,42114.949
9480,41909.480
9490,42112.941
9500,42228.938
9510,41463.543
9520,41632.539
9530,41099.137
9540,41509.965
9550,41441.055
9560,41762.742
9570,42018.809
9580,41970.445
9590,42154.398
9600,41564.023
9610,41623.852
9620,41588.672
9630,41492.141
9640,41649.613
9650,41552.879
9660,42035.117
9670,41807.391
9680,42081.141
9690,41644.547
9700,41273.754
9710,41367.258
9720,41472.965
9730,41421.758
9740,41416.754
9750,41330.641
9760,41080.043
9770,40946.199
9780,40931.762
9790,40883.512
9800,40902.797
9810,40871.852
9820,40907.566
9830,40873.512
9840,40903.125
9850,41739.180
9860,41333.164
9870,41127.324
9880,41099.762
9890,41066.277
9900,40723.609
9910,41130.691
9920,41032.695
9930,41541.707
9940,41920.188
9950,42001.258
9960,42076.957
9970,42075.176
9980,41936.594
9990,42032.109
10000,42080.402
10010,42051.863
10020,42097.965
10030,41634.129
10040,42005.387
10050,42106.809
10060,42182.492
10070,42169.762
10080,41852.816
10090,42095.406
10100,42227.234
10110,42228.832
10120,42289.422
10130,42240.328
10140,41976.152
10150,42155.875
10160,42275.793
10170,42262.098
10180,42296.820
10190,42012.453
10200,42210.703
10210,42249.980
10220,42305.266
10230,42255.211
10240,41360.168
10250,41311.375
10260,41462.832
10270,41457.688
10280,41538.586
10290,41468.363
10300,41348.277
10310,41478.762
10320,41617.195
10330,41592.984
10340,41619.402
10350,41324.477
10360,41813.797
10370,41551.746
10380,41963.137
10390,42037.844
10400,41831.980
10410,42003.918
10420,41901.602
10430,42074.367
10440,41632.012
10450,41921.824
10460,41994.711
10470,41820.898
10480,41995.605
10490,41332.688
10500,41433.586
10510,41303.219
10520,41326.367
10530,41204.027
10540,40717.262
10550,41096.641
10560,41296.832
10570,41322.867
10580,41397.938
10590,41318.070
10600,41449.289
10610,41771.039
10620,41729.281
10630,41918.598
10640,41550.133
10650,41934.391
10660,42140.809
10670,41996.199
10680,42190.551
10690,41821.617
10700,42007.680
10710,41621.289
10720,41926.242
10730,41582.723
10740,41186.988
10750,41231.012
10760,41270.469
10770,41211.953
10780,41223.238
10790,41136.664
10800,41135.957
10810,41054.320
10820,41098.047
10830,41041.797
10840,41091.191
10850,41705.426
10860,41452.391
10870,41270.848
10880,41296.379
10890,41235.938
10900,41287.137
10910,41216.348
10920,41260.719
10930,41204.977
10940,40891.914
10950,41264.848
10960,41478.195
10970,41509.316
10980,41600.438
10990,41550.250
11000,41596.902
11010,41525.566
11020,41607.941
11030,41541.160
11040,41603.832
11050,41559.938
11060,41624.922
11070,41554.480
11080,41644.941
11090,41590.285
11100,41663.859
11110,41574.340
11120,41651.781
11130,41591.824
11140,41356.602
11150,41364.969
11160,41598.441
11170,41606.512
11180,41716.152
11190,41683.520
11200,41740.918
11210,41691.637
11220,41759.418
11230,41690.012
11240,41740.699
11250,41701.684
11260,41748.410
11270,41689.742
11280,41753.063
11290,41700.148
11300,41773.441
11310,41715.539
11320,41770.496
11330,41717.934
11340,41788.883
11350,41335.184
11360,41558.578
11370,41574.316
11380,41654.340
11390,41638.859
11400,41699.398
11410,41632.680
11420,41704.449
11430,41653.840
11440,41714.855
11450,41669.480
11460,41713.578
11470,41650.500
11480,41722.035
11490,41676.828
11500,41742.051
11510,41661.047
11520,41722.500
11530,41673.305
11540,41634.047
11550,40888.723
11560,41306.020
11570,41392.777
11580,41495.816
11590,41459.883
11600,41531.652
11610,41464.578
11620,41531.871
11630,41471.254
11640,41523.078
11650,41482.941
11660,41530.676
11670,41462.117
11680,41533.426
11690,41486.809
11700,41543.848
11710,41478.723
11720,41550.105
11730,41492.008
11740,41547.656
11750,41429.715
11760,41557.473
11770,41874.316
11780,42063.809
11790,42037.418
11800,42129.469
11810,41835.652
11820,42103.012
11830,42113.840
11840,42206.898
11850,42870.066
11860,42021.238
11870,42237.238
11880,42395.832
11890,42251.766
11900,42459.762
11910,42109.000
11920,42471.379
11930,42525.621
11940,42607.098
11950,42537.543
11960,42224.523
11970,42377.629
11980,42536.387
11990,42572.289
12000,42676.711
12010,42283.559
12020,41936.594
12030,41966.168
12040,42048.219
12050,42021.398
12060,42077.016
12070,41775.234
12080,42046.039
12090,42070.656
12100,42163.359
12110,42096.387
12120,41578.926
12130,41884.883
12140,42083.785
12150,42063.508
12160,42093.457
12170,41968.480
12180,41734.355
12190,41891.801
12200,42025.438
12210,41982.563
12220,42044.309
12230,41493.719
12240,41869.234
12250,41935.238
12260,42039.047
12270,41997.059
12280,41734.102
12290,42125.422
12300,42508.770
12310,42384.676
12320,42640.941
12330,42191.398
12340,42611.012
12350,42212.098
12360,42521.828
12370,42609.824
12380,42019.941
12390,41965.707
12400,41991.129
12410,41911.297
12420,41923.277
12430,41370.625
12440,41734.938
12450,41760.676
12460,41845.758
12470,41808.590
12480,41779.758
12490,41632.008
12500,41911.895
12510,41920.125
12520,42022.871
12530,41964.707
12540,41638.020
12550,41862.793
12560,42054.910
12570,42038.699
12580,42096.367
12590,41490.887
12600,41803.285
12610,41901.813
12620,42025.711
12630,41978.195
12640,41952.145
12650,41916.758
12660,42397.059
12670,42190.000
12680,42515.691
12690,41982.945
12700,42423.523
12710,42511.199
12720,42345.555
12730,42507.289
12740,41624.605
12750,41831.805
12760,41946.973
12770,41925.703
12780,41949.520
12790,41846.582
12800,41792.098
12810,41594.934
12820,41408.215
12830,41296.441
12840,41298.266
12850,41938.977
12860,41631.457
12870,41479.234
12880,41476.504
12890,41278.133
12900,41258.113
12910,41173.113
12920,41184.648
12930,41138.352
12940,41171.352
12950,40989.078
12960,41323.246
12970,41399.113
12980,41483.984
12990,41457.320
13000,41508.246
13010,41466.313
13020,41519.309
13030,41486.090
13040,41513.180
13050,41489.016
13060,41537.273
13070,41502.582
13080,41554.758
13090,41499.430
13100,41543.477
13110,41487.512
13120,41533.293
13130,41504.012
13140,41535.840
13150,41072.438
13160,41410.586
13170,41484.492
13180,41583.773
13190,41559.527
13200,41600.109
13210,41555.543
13220,41606.965
13230,41579.223
13240,41629.297
13250,41598.113
13260,41634.266
13270,41579.484
13280,41635.473
13290,41597.215
13300,41665.102
13310,41635.453
13320,41655.730
13330,41604.691
13340,41646.000
13350,41346.109
13360,41440.699
13370,41517.449
13380,41565.594
13390,41530.328
13400,41585.496
13410,41520.309
13420,41573.141
13430,41531.988
13440,41568.426
13450,41537.969
13460,41581.254
13470,41541.477
13480,41592.902
13490,41549.383
13500,41587.973
13510,41532.855
13520,41581.246
13530,41528.688
13540,41571.383
13550,41365.680
13560,41281.570
13570,41705.301
13580,41926.605
13590,41942.922
13600,42006.184
13610,41664.832
13620,41958.422
13630,42018.207
13640,42093.383
13650,42077.953
13660,41771.086
13670,41880.887
13680,42115.113
13690,41949.629
13700,42179.875
13710,41780.973
13720,42200.742
13730,42295.523
13740,42389.215
13750,42310.406
13760,41875.602
13770,42035.676
13780,42120.184
13790,42086.516
13800,42115.824
13810,42064.703
13820,41322.395
13830,41385.328
13840,41475.234
13850,42130.672
13860,41840.063
13870,41187.828
13880,41549.027
13890,41634.242
13900,41718.477
13910,41678.453
13920,41567.320
13930,41366.332
13940,41612.930
13950,41648.031
13960,41650.336
13970,41558.844
13980,41466.348
13990,41906.617
14000,41786.211
14010,42068.270
14020,42160.105
14030,41981.234
14040,42220.625
14050,41887.168
14060,42227.805
14070,41707.074
14080,42139.680
14090,42169.719
14100,42094.277
14110,42157.879
14120,41452.508
14130,41563.750
14140,41587.855
14150,41526.473
14160,41481.180
14170,40918.547
14180,41237.184
14190,41343.434
14200,41437.027
14210,41406.484
14220,41472.063
14230,41102.379
14240,41393.133
14250,41451.473
14260,41517.957
14270,41514.508
14280,41279.082
14290,41840.453
14300,41895.121
14310,41927.613
14320,42202.848
14330,41806.176
14340,42120.852
14350,41894.004
14360,42169.355
14370,41744.750
14380,41851.340
14390,41903.348
14400,41759.953
14410,41856.500
14420,40946.648
14430,41187.766
14440,41238.629
14450,41204.523
14460,41192.961
14470,41106.930
14480,41127.004
14490,41039.145
14500,41090.691
14510,41025.809
14520,41077.641
14530,41018.867
14540,41051.004
14550,41017.391
14560,41053.859
14570,41017.539
14580,41077.770
14590,41025.379
14600,41070.289
14610,41013.418
14620,41057.086
14630,40997.848
14640,41265.727
14650,41311.703
14660,41380.004
14670,41350.836
14680,41412.668
14690,41365.410
14700,41417.273
14710,41353.578
14720,41403.090
14730,41361.117
14740,41410.910
14750,41370.508
14760,41417.742
14770,41375.219
14780,41406.875
14790,41365.570
14800,41403.137
14810,41337.125
14820,41385.367
14830,40958.352
14840,41298.391
14850,41582.984
14860,41623.277
14870,41654.016
14880,41400.281
14890,41615.242
14900,41257.387
14910,41615.820
14920,41663.969
14930,41507.902
14940,41747.004
14950,41633.160
14960,42196.184
14970,41706.883
14980,42231.121
14990,42337.895
15000,42155.078
15010,42332.305
15020,42188.145
15030,42377.645
15040,41895.551
15050,42265.500
15060,42410.121
15070,42125.363
15080,42387.207
15090,41737.059
15100,41878.461
15110,41353.184
15120,41673.531
15130,41739.418
15140,41844.215
15150,42196.031
15160,41876.133
15170,42224.242
15180,42055.762
15190,41675.516
15200,41825.398
15210,41397.645
15220,41741.207
15230,41167.434
15240,41864.785
15250,42029.520
15260,41846.379
15270,42014.277
15280,41299.285
15290,41478.211
15300,41539.969
15310,41367.777
15320,41594.867
15330,41539.875
15340,42198.129
15350,41719.094
15360,42243.613
15370,42283.477
15380,41599.465
15390,41638.746
15400,41232.313
15410,41530.988
15420,41568.379
15430,41760.242
15440,42092.797
15450,41740.863
15460,42099.145
15470,41384.586
15480,41572.676
15490,41564.555
15500,41643.148
15510,41528.891
15520,41548.516
15530,41477.328
15540,41463.676
15550,41378.891
15560,41433.711
15570,41369.582
15580,41442.984
15590,41380.355
15600,41460.094
15610,41379.391
15620,41449.531
15630,41396.723
15640,41456.520
15650,41387.746
15660,41436.313
15670,41372.824
15680,41562.742
15690,41962.645
15700,42196.953
15710,42183.617
15720,42291.516
15730,41973.473
15740,42267.867
15750,42290.820
15760,42382.465
15770,42345.465
15780,41871.113
15790,42205.621
15800,42461.633
15810,42449.348
15820,42552.371
15830,42493.352
15840,42258.496
15850,43206.941
15860,43062.383
15870,42929.906
15880,42952.676
15890,42369.102
15900,42750.023
15910,42755.289
15920,42862.449
15930,42701.340
15940,42302.336
15950,42493.664
15960,42632.656
15970,42627.813
15980,42698.668
15990,42599.664
16000,41895.711
16010,42014.078
16020,42174.582
16030,42195.922
16040,42297.395
16050,41686.633
16060,42088.852
16070,42148.828
16080,42280.793
16090,42220.395
16100,42140.086
16110,41903.402
16120,42177.199
16130,42176.016
16140,42282.820
16150,42177.625
16160,41822.285
16170,42033.973
16180,42216.430
16190,42197.027
16200,42284.949
16210,41706.805
16220,42471.582
16230,42680.262
16240,42542.254
16250,42768.574
16260,42467.074
16270,42747.949
16280,42534.070
16290,42762.375
16300,42908.480
16310,42697.289
16320,42857.879
16330,42397.008
16340,42757.887
16350,42201.656
16360,42698.168
16370,42687.570
16380,42647.160
16390,42681.957
16400,42043.496
16410,41990.813
16420,42004.980
16430,41920.969
16440,41925.105
16450,41295.539
16460,41696.129
16470,41735.652
16480,41821.965
16490,41721.035
16500,41779.934
16510,41599.250
16520,41849.797
16530,41861.258
16540,41974.039
16550,41923.246
16560,41596.531
16570,41822.469
16580,42006.172
16590,41980.461
16600,42062.203
16610,41498.527
16620,42245.102
16630,42454.125
16640,42332.969
16650,42533.547
16660,42191.801
16670,42427.090
16680,42208.617
16690,42420.555
16700,42572.703
16710,42330.414
16720,42468.762
16730,41991.707
16740,42344.824
16750,41796.566
16760,42273.496
16770,42253.164
16780,42259.199
16790,42349.508
16800,41335.020
16810,41629.871
16820,41787.949
16830,41755.180
16840,41733.707
16850,42838.309
16860,42739.617
16870,41894.949
16880,41702.871
16890,41513.297
16900,41523.129
16910,41438.316
16920,41501.746
16930,41434.484
16940,41515.004
16950,41438.969
16960,41499.742
16970,41425.531
16980,41502.953
16990,41433.641
17000,41391.594
17010,41310.629
17020,41676.695
17030,41698.465
17040,41809.785
17050,41771.691
17060,41829.695
17070,41771.086
17080,41876.781
17090,41794.879
17100,41847.617
17110,41766.293
17120,41829.957
17130,41773.457
17140,41840.547
17150,41771.824
17160,41830.230
17170,41768.262
17180,41846.859
17190,41777.605
17200,41834.965
17210,41652.992
17220,42234.477
17230,42349.164
17240,42494.707
17250,42446.402
17260,42167.547
17270,42360.609
17280,42542.801
17290,42512.238
17300,42602.305
17310,42452.434
17320,42389.887
17330,42525.453
17340,42677.770
17350,42626.602
17360,42721.422
17370,42260.047
17380,42649.246
17390,42692.000
17400,42796.215
17410,42719.766
17420,42359.789
17430,42482.898
17440,42610.316
17450,42586.992
17460,42661.922
17470,42316.910
17480,42476.039
17490,42518.020
17500,42644.199
17510,42581.402
17520,42631.684
17530,41810.055
17540,42047.453
17550,42092.172
17560,42222.496
17570,42168.410
17580,41911.426
17590,42092.102
17600,42287.430
17610,42212.109
17620,42293.555
17630,42046.633
17640,41947.184
17650,42069.395
17660,42200.977
17670,42151.766
17680,42229.000
17690,41720.980
17700,42091.922
17710,41656.082
17720,42497.457
17730,42684.488
17740,42526.313
17750,42726.965
17760,42453.516
17770,42693.801
17780,42451.238
17790,42636.781
17800,42766.109
17810,42486.082
17820,42671.047
17830,42229.582
17840,42580.637
17850,43026.855
17860,43281.836
17870,42464.141
17880,42242.102
17890,42028.551
17900,42009.504
17910,41747.566
17920,41915.016
17930,41850.688
17940,41944.559
17950,41897.496
17960,41569.395
17970,41777.367
17980,41985.535
17990,41952.391
18000,42048.641
18010,41470.047
18020,41799.094
18030,41872.832
18040,42037.094
18050,42435.227
18060,42122.867
18070,42445.813
18080,42342.039
18090,42472.281
18100,42708.297
18110,42455.676
18120,42666.574
18130,42384.781
18140,42659.930
18150,42006.762
18160,42499.473
18170,42495.160
18180,41724.543
18190,41849.891
18200,41946.961
18210,41882.762
18220,41911.020
18230,41830.836
18240,41855.543
18250,41740.172
18260,41794.660
18270,41711.953
18280,41802.746
18290,41746.832
18300,41811.078
18310,41663.879
18320,41710.176
18330,41630.102
18340,41709.551
18350,41641.805
18360,41715.980
18370,41659.195
18380,41734.941
18390,41657.879
18400,41730.152
18410,41654.711
18420,41655.523
18430,41544.043
18440,41593.059
18450,41527.504
18460,41587.918
18470,41517.340
18480,41599.320
18490,41542.758
18500,41596.340
18510,41507.484
18520,41561.418
18530,41488.961
18540,41547.016
18550,41489.254
18560,41544.289
18570,41479.652
18580,41562.969
18590,41519.828
18600,41592.219
18610,41518.113
18620,41584.457
18630,41523.758
18640,41581.832
18650,41523.918
18660,41566.934
18670,41506.758
18680,41259.508
18690,41594.637
18700,41812.531
18710,41785.117
18720,41889.223
18730,41822.965
18740,41884.266
18750,41846.750
18760,41924.402
18770,41850.609
18780,41916.742
18790,41834.094
18800,41909.871
18810,41835.906
18820,41920.297
18830,41863.723
18840,41944.953
18850,43104.746
18860,43175.773
18870,42424.199
18880,42250.430
18890,42085.469
18900,42114.113
18910,42031.531
18920,42112.305
18930,42039.895
18940,42098.441
18950,42026.457
18960,42080.254
18970,41997.367
18980,42100.016
18990,42055.547
19000,42150.293
19010,42046.879
19020,42096.254
19030,42025.547
19040,42089.363
19050,42038.852
19060,42112.191
19070,42047.496
19080,42125.727
19090,42048.176
19100,42119.480
19110,42040.242
19120,42094.625
19130,42024.527
19140,42092.980
19150,42040.746
19160,42100.988
19170,42028.332
19180,42026.949
19190,41801.293
19200,42061.703
19210,42044.500
19220,42155.500
19230,42103.391
19240,42168.242
19250,42114.355
19260,42179.324
19270,42100.871
19280,42184.816
19290,42110.188
19300,42185.145
19310,42102.270
19320,42165.250
19330,42105.273
19340,42178.641
19350,42108.285
19360,42167.902
19370,42099.313
19380,42174.691
19390,42109.820
19400,42184.535
19410,42112.215
19420,42191.488
19430,42125.289
19440,42180.215
19450,42024.992
19460,42041.996
19470,41956.734
19480,42050.934
19490,41979.879
19500,42063.828
19510,41973.895
19520,42027.918
19530,41960.152
19540,42023.664
19550,41964.711
19560,42029.777
19570,41962.453
19580,42039.793
19590,41970.887
19600,42040.387
19610,41952.891
19620,42036.629
19630,41969.949
19640,42030.797
19650,41971.508
19660,42036.250
19670,41964.656
19680,42052.938
19690,41558.676
19700,41912.395
19710,41945.258
19720,42061.172
19730,42013.930
19740,42085.074
19750,42018.863
19760,42093.855
19770,42025.402
19780,42095.398
19790,42019.961
19800,42112.918
19810,42032.328
19820,42122.832
19830,42055.613
19840,42138.000
19850,43278.230
19860,43388.094
19870,42608.695
19880,42446.016
19890,42267.402
19900,42303.922
19910,42208.977
19920,42297.000
19930,42221.039
19940,42286.879
19950,42203.094
19960,42274.016
19970,42183.582
19980,42275.445
19990,42207.129
20000,42296.598
20010,42200.656
20020,42302.785
20030,42216.934
20040,42282.934
20050,42213.043
20060,42278.816
20070,42202.133
20080,42288.094
20090,42201.570
20100,42288.105
20110,42210.039
20120,42278.023
20130,42203.883
20140,42272.551
20150,42193.621
20160,42271.172
20170,42184.492
20180,42250.762
20190,41602.125
20200,41926.699
20210,41968.488
20220,42099.566
20230,42052.391
20240,42140.531
20250,42071.426
20260,42161.988
20270,42095.906
20280,42181.699
20290,42095.531
20300,42171.453
20310,42083.605
20320,42164.922
20330,42093.535
20340,42169.258
20350,42086.637
20360,42164.926
20370,42089.531
20380,42179.172
20390,42106.871
20400,42192.141
20410,42104.484
20420,42201.535
20430,42119.293
20440,42195.668
20450,42019.004
20460,42041.582
20470,41955.754
20480,42021.410
20490,41945.789
20500,42041.121
20510,41953.484
20520,42047.707
20530,41955.535
20540,42021.371
20550,41951.074
20560,42023.613
20570,41948.918
20580,42036.496
20590,41978.125
20600,42051.055
20610,41963.203
20620,42032.164
20630,41949.848
20640,42037.801
20650,41951.477
20660,42017.418
20670,41957.523
20680,42047.449
20690,41971.398
20700,41710.313
20710,41847.047
20720,41532.801
20730,41852.023
20740,41976.480
20750,41827.918
20760,42124.809
20770,41707.949
20780,42055.785
20790,41580.363
20800,41967.152
20810,42020.445
20820,42179.758
20830,42554.379
20840,42422.988
20850,43825.789
20860,43666.281
20870,43185.988
20880,43079.855
20890,42295.367
20900,42413.566
20910,41883.586
20920,42267.113
20930,41935.082
20940,42537.508
20950,42744.113
20960,42539.195
20970,42772.715
20980,42091.297
20990,42212.324
21000,42331.273
21010,41986.789
21020,42249.832
21030,42228.113
21040,42748.379
21050,42166.672
21060,42272.363
21070,42216.516
21080,42022.273
21090,42163.141
21100,41995.684
21110,42561.465
21120,42643.203
21130,42162.414
21140,42316.613
21150,41860.590
21160,42215.770
21170,41743.520
21180,42540.520
21190,42680.410
21200,42675.914
21210,42723.719
21220,42086.730
21230,42576.684
21240,42800.863
21250,42785.773
21260,42826.465
21270,42483.871
21280,42654.281
21290,42663.789
21300,42772.008
21310,42690.500
21320,42779.094
21330,42437.746
21340,42746.602
21350,42760.984
21360,42864.965
21370,42817.445
21380,42644.887
21390,42793.637
21400,42955.051
21410,42891.391
21420,42976.109
21430,42301.609
21440,42302.527
21450,42179.164
21460,42225.633
21470,42145.938
21480,42178.844
21490,42066.664
21500,42130.621
21510,42038.555
21520,42117.902
21530,42021.336
21540,42046.578
21550,41955.543
21560,42019.211
21570,41953.633
21580,42041.160
21590,41910.953
21600,41951.652
21610,41825.770
21620,41917.832
21630,41841.160
21640,41603.688
21650,41778.977
21660,41921.859
21670,41893.848
21680,41988.469
21690,41922.523
21700,42013.270
21710,41943.457
21720,42032.988
21730,41949.176
21740,42027.348
21750,41945.219
21760,42007.242
21770,41946.004
21780,42023.137
21790,41964.809
21800,42038.473
21810,41950.105
21820,42020.336
21830,41950.609
21840,41520.090
21850,43017.348
21860,43769.766
21870,44049.039
21880,43855.680
21890,43325.352
21900,43618.234
21910,43764.672
21920,43911.004
21930,43872.160
21940,43991.070
21950,43976.258
21960,43912.301
21970,43754.191
21980,43784.555
21990,43715.402
22000,43750.797
22010,43635.051
22020,43683.738
22030,43594.977
22040,43561.184
22050,43364.133
22060,43603.441
22070,43235.586
22080,43623.578
22090,43671.879
22100,43737.227
22110,43582.656
22120,43622.230
22130,43510.758
22140,43527.844
22150,43524.684
22160,43878.371
22170,44092.273
22180,44257.930
22190,44251.344
22200,44334.223
22210,44379.387
22220,44501.055
22230,44474.699
22240,44504.813
22250,44435.031
22260,44419.207
22270,43863.699
22280,44600.938
22290,44841.840
22300,44828.543
22310,44948.000
22320,44869.086
22330,45070.004
22340,44870.977
22350,45116.664
22360,44822.508
22370,44825.047
22380,45000.156
22390,44789.773
22400,44825.055
22410,43950.410
22420,44031.191
22430,43950.664
22440,43965.023
22450,43915.883
22460,44556.391
22470,44744.867
22480,45078.121
22490,45163.777
22500,45267.652
22510,45260.902
22520,45327.957
22530,45303.715
22540,45326.637
22550,45337.129
22560,45306.477
22570,45280.348
22580,45281.137
22590,45275.996
22600,45309.605
22610,44981.953
22620,45064.949
22630,45193.773
22640,45190.340
22650,45129.070
22660,45001.961
22670,44922.512
22680,44908.879
22690,44862.559
22700,44841.656
22710,44788.934
22720,44830.203
22730,44783.098
22740,44807.336
22750,44804.367
22760,44811.984
22770,44797.008
22780,44819.598
22790,44802.406
22800,44815.266
22810,44786.379
22820,44487.738
22830,44762.844
22840,44907.223
22850,45458.785
22860,46191.938
22870,46463.496
22880,45808.402
22890,45324.816
22900,45207.789
22910,45082.512
22920,45118.090
22930,45056.809
22940,45112.086
22950,45066.539
22960,45011.477
22970,44869.098
22980,44708.090
22990,44487.578
23000,44461.957
23010,44386.008
23020,43877.227
23030,44209.840
23040,44386.000
23050,44132.734
23060,44409.824
23070,44468.953
23080,44552.117
23090,44524.602
23100,44564.957
23110,44475.348
23120,44502.375
23130,44452.391
23140,44487.941
23150,44451.813
23160,44486.316
23170,44445.805
23180,44487.031
23190,44465.246
23200,44532.953
23210,44514.383
23220,44564.949
23230,44513.125
23240,44558.363
23250,44282.051
23260,44873.934
23270,44660.344
23280,45063.703
23290,45176.645
23300,45147.969
23310,45278.152
23320,44982.711
23330,45261.957
23340,44802.773
23350,45220.277
23360,45362.266
23370,45221.617
23380,45363.430
23390,44820.383
23400,45246.645
23410,45301.512
23420,45314.820
23430,45169.555
23440,44545.777
23450,44855.664
23460,45025.711
23470,45024.520
23480,45075.418
23490,45070.461
23500,44379.254
23510,44478.895
23520,44572.180
23530,44542.004
23540,44608.879
23550,44569.918
23560,44604.262
23570,44555.523
23580,44612.691
23590,44573.336
23600,44584.867
23610,44524.789
23620,44565.246
23630,44366.590
23640,44331.695
23650,44227.680
23660,44226.789
23670,44139.102
23680,44171.430
23690,44127.336
23700,44196.652
23710,44131.297
23720,44175.133
23730,44165.480
23740,44308.867
23750,44316.879
23760,44369.457
23770,44344.590
23780,44391.004
23790,44355.848
23800,44407.621
23810,44366.695
23820,44417.117
23830,44352.227
23840,44389.043
23850,44807.871
23860,45422.195
23870,45632.066
23880,45714.941
23890,44950.852
23900,44696.031
23910,44495.281
23920,44500.207
23930,44451.285
23940,44496.344
23950,44454.176
23960,44508.488
23970,44458.301
23980,44495.168
23990,44444.738
24000,44044.988
24010,44516.172
24020,44740.141
24030,44766.328
24040,44826.461
24050,44648.945
24060,44616.523
24070,44574.980
24080,44618.852
24090,44571.770
24100,44619.648
24110,44569.367
24120,44634.434
24130,44579.930
24140,44624.301
24150,44593.527
24160,44641.082
24170,44598.883
24180,44640.543
24190,44593.633
24200,44641.930
24210,44591.094
24220,44640.934
24230,44595.309
24240,44636.891
24250,44588.043
24260,44614.438
24270,44595.176
24280,44625.715
24290,44589.941
24300,44639.273
24310,44594.453
24320,44631.195
24330,44573.148
24340,44604.879
24350,44428.641
24360,44392.523
24370,44328.926
24380,44362.637
24390,44166.008
24400,44160.375
24410,44069.453
24420,44117.707
24430,44089.117
24440,44139.773
24450,44097.664
24460,44135.848
24470,44108.379
24480,44143.688
24490,44081.164
24500,44056.926
24510,44244.801
24520,44630.621
24530,44717.785
24540,44790.527
24550,44801.297
24560,44440.660
24570,44709.246
24580,44857.625
24590,44881.789
24600,44943.723
24610,44355.625
24620,44807.395
24630,44924.137
24640,44910.977
24650,44834.406
24660,44834.219
24670,44666.309
24680,44844.684
24690,44846.629
24700,44924.785
24710,44862.137
24720,44518.699
24730,44739.820
24740,44887.227
24750,44897.594
24760,44952.957
24770,44570.371
24780,44839.375
24790,44890.445
24800,44956.617
24810,44905.070
24820,44552.863
24830,44143.266
24840,44294.234
24850,45343.410
24860,46673.523
24870,47108.094
24880,47257.133
24890,47307.609
24900,46657.754
24910,46289.801
24920,46163.023
24930,46100.949
24940,46134.094
24950,45565.371
24960,44943.297
24970,44693.473
24980,44650.496
24990,44585.449
25000,44607.531
25010,44554.648
25020,44462.469
25030,43952.973
25040,44269.102
25050,44346.531
25060,44403.969
25070,44400.500
25080,44456.383
25090,44427.949
25100,44458.785
25110,44417.004
25120,44449.117
25130,44409.848
25140,44441.891
25150,44412.414
25160,44419.199
25170,44406.750
25180,44448.887
25190,44433.027
25200,44474.715
25210,44422.516
25220,44493.203
25230,43997.422
25240,44319.914
25250,44443.664
25260,44536.660
25270,44524.613
25280,44589.348
25290,44570.117
25300,44624.082
25310,44595.984
25320,44654.156
25330,44615.895
25340,44662.543
25350,44639.012
25360,44656.441
25370,44603.223
25380,44652.266
25390,44624.273
25400,44664.676
25410,44599.234
25420,44636.625
25430,44636.289
25440,44340.395
25450,44549.605
25460,44670.727
25470,44673.637
25480,44755.809
25490,44697.883
25500,44668.414
25510,44496.926
25520,44509.977
25530,44445.879
25540,44480.648
25550,44449.703
25560,44464.977
25570,44421.543
25580,44459.004
25590,44425.039
25600,44496.648
25610,44447.695
25620,44489.922
25630,44447.285
25640,44206.586
25650,44756.008
25660,44684.461
25670,44807.195
25680,45032.012
25690,44733.820
25700,45034.480
25710,44275.293
25720,44451.695
25730,44399.590
25740,44153.934
25750,43953.539
25760,43946.801
25770,43875.047
25780,43926.324
25790,43892.469
25800,43941.051
25810,43907.277
25820,43945.766
25830,43893.938
25840,43842.879
25850,44784.398
25860,46091.305
25870,46556.000
25880,46723.992
25890,46757.879
25900,46039.430
25910,45557.742
25920,45298.680
25930,45412.047
25940,45524.867
25950,44983.172
25960,44382.641
25970,44134.203
25980,44085.215
25990,44044.582
26000,44073.492
26010,44031.297
26020,44069.668
26030,44020.582
26040,44018.492
26050,43954.707
26060,43957.648
26070,43936.188
26080,43816.738
26090,43711.227
26100,43724.281
26110,43670.168
26120,43440.984
26130,43596.434
26140,43714.453
26150,43725.586
26160,43758.816
26170,43727.328
26180,43770.266
26190,43741.172
26200,43782.191
26210,43736.230
26220,43775.836
26230,43750.113
26240,43795.070
26250,43770.852
26260,43811.480
26270,43801.219
26280,43839.609
26290,43773.055
26300,43827.191
26310,43790.398
26320,43274.164
26330,43603.906
26340,43781.586
26350,43547.305
26360,43817.176
26370,43403.512
26380,43760.516
26390,43545.223
26400,43679.719
26410,43823.238
26420,43911.535
26430,44394.320
26440,44283.547
26450,44529.941
26460,44308.270
26470,44486.215
26480,44703.609
26490,44510.270
26500,44714.070
26510,44217.914
26520,44534.672
26530,44137.191
26540,44479.805
26550,44534.227
26560,43941.035
26570,43976.660
26580,43787.539
26590,44316.844
26600,44122.723
26610,44408.434
26620,44547.922
26630,43789.828
26640,43959.043
26650,43662.188
26660,44319.398
26670,44167.488
26680,44174.523
26690,44275.594
26700,43574.137
26710,43707.563
26720,43319.020
26730,44002.230
26740,44266.766
26750,43988.785
26760,44244.531
26770,43434.848
26780,43698.555
26790,43604.242
26800,43948.203
26810,44241.746
26820,43974.805
26830,44227.137
26840,43591.988
26850,45112.742
26860,46408.352
26870,46230.758
26880,46646.758
26890,46765.438
26900,46153.656
26910,45591.426
26920,45391.738
26930,45235.246
26940,45236.477
26950,44657.918
26960,25762.211
26970,12108.671
26980,7077.361
26990,5227.602
27000,4553.298
27010,4299.116
27020,4207.125
27030,4170.160
27040,4164.884
27050,4150.414
27060,4153.756
27070,4157.554
27080,4150.964
27090,4154.699
27100,4156.605
27110,4151.597
27120,4157.685
27130,4156.408
27140,4152.763
27150,4154.489
27160,4149.420
27170,4152.161
27180,4147.623
27190,4148.565
27200,4152.235
27210,4178.708
27220,4139.859
27230,4132.031
27240,4132.653
27250,4129.992
27260,4136.462
27270,4131.989
27280,4133.650
27290,4108.892
27300,4573.101
27310,4731.015
27320,4791.028
27330,4817.313
27340,4541.001
27350,4278.518
27360,4190.229
27370,4159.387
27380,4160.322
27390,4172.809
27400,4183.637
27410,4204.271
27420,4210.683
27430,4627.278
27440,4781.402
27450,4866.289
27460,4862.303
27470,4586.560
27480,4417.245
27490,4366.360
27500,4280.448
27510,4234.895
27520,4209.678
27530,4196.204
27540,4184.614
27550,4271.483
27560,4619.986
27570,4758.511
27580,4807.364
27590,4806.701
27600,4596.421
27610,4489.938
27620,4490.477
27630,5268.264
27640,58783.816
27650,86459.086
27660,96766.219
27670,100561.734
27680,68152.414
27690,28711.533
27700,16509.973
27710,12143.840
27720,10540.223
27730,9941.350
27740,9720.655
27750,9616.624
27760,9598.003
27770,6355.559
27780,4944.463
27790,4426.260
27800,4241.372
27810,4169.672
27820,4142.692
27830,4132.227
27840,4134.207
27850,4264.958
27860,4611.373
27870,4742.045
27880,4790.238
27890,4847.471
27900,4421.804
27910,4237.971
27920,4165.769
27930,4142.638
27940,4135.091
27950,4132.599
27960,4132.320
27970,4128.260
27980,4322.576
27990,4638.709
28000,4750.002
28010,4822.379
28020,4725.774
28030,2024.722
28040,747.649
28050,320.634
28060,229.808
28070,183.475
28080,172.888
28090,164.580
28100,165.556
28110,160.641
28120,163.250
28130,162.665
28140,163.289
28150,158.408
28160,165.746
28170,162.464
28180,165.849
28190,161.081
28200,159.279
28210,161.254
28220,163.611
28230,157.679
28240,158.405
28250,163.874
28260,165.356
28270,163.993
28280,160.277
28290,161.393
28300,157.452
28310,157.200
28320,162.437
28330,160.815
28340,158.591
28350,161.470
28360,163.892
28370,161.288
28380,159.546
28390,163.088
28400,157.870
28410,158.090
28420,160.269
28430,165.204
28440,161.546
28450,159.323
28460,160.104
28470,163.001
28480,158.030
28490,161.998
28500,160.862
28510,160.563
28520,161.585
28530,162.959
28540,158.638
28550,157.848
28560,159.533
28570,161.243
28580,161.512
28590,162.269
28600,162.135
28610,159.323
28620,161.100
28630,159.167
28640,156.270
28650,159.054
28660,162.506
28670,165.236
28680,161.944
28690,159.850
28700,161.656
28710,159.897
28720,162.066
28730,165.654
28740,161.522
28750,159.537
28760,160.213
28770,162.949
28780,164.512
28790,164.052
28800,161.098
28810,160.662
28820,160.729
28830,162.241
28840,159.080
28850,159.994
28860,161.240
28870,161.659
28880,164.811
28890,167.193
28900,158.117
28910,159.779
28920,163.250
28930,164.544
28940,163.077
28950,158.839
28960,160.676
28970,163.236
28980,163.241
28990,160.826
29000,160.602
29010,157.546
29020,161.770
29030,164.354
29040,161.962
29050,158.996
29060,159.200
29070,164.398
29080,167.354
29090,163.481
29100,158.802
29110,163.176
29120,160.691
29130,161.318
29140,159.443
29150,157.577
29160,162.643
29170,162.108
29180,164.827
29190,159.173
29200,159.499
29210,161.943
29220,160.440
29230,161.977
29240,156.368
29250,161.265
29260,159.051
29270,162.517
29280,161.462
29290,159.656
29300,160.117
29310,159.176
29320,160.331
29330,164.218
29340,161.838
29350,160.701
29360,160.244
29370,161.790
29380,164.936
29390,162.418
29400,162.825
29410,157.681
29420,163.719
29430,164.719
29440,161.185
29450,161.407
29460,161.970
29470,159.522
29480,163.378
29490,166.262
29500,162.473
29510,162.462
29520,159.009
29530,161.611
29540,159.448
29550,160.491
29560,159.405
29570,161.591
29580,163.773
29590,162.973
29600,161.456
29610,161.724
29620,159.124
29630,159.111
29640,164.037
29650,157.859
29660,160.244
29670,161.730
29680,163.181
29690,162.835
29700,160.610
29710,160.263
29720,159.493
29730,159.366
29740,163.780
29750,162.646
29760,161.411
29770,161.833
29780,162.224
29790,160.435
29800,163.997
29810,161.813
29820,158.513
29830,165.469
29840,163.508
29850,160.486
29860,161.983
29870,161.668
29880,166.545
29890,163.714
29900,159.557
29910,162.338
29920,162.678
29930,162.882
29940,165.941
29950,161.856
29960,159.460
29970,160.593
29980,163.038
29990,165.074
30000,163.559
30010,160.746
30020,160.440
30030,164.832
30040,165.854
30050,162.644
30060,158.785
30070,158.229
30080,163.392
30090,162.386
30100,161.357
30110,159.375
30120,161.934
30130,161.411
30140,162.564
30150,161.013
30160,159.509
30170,160.519
30180,159.640
30190,163.966
30200,158.802
30210,159.426
30220,161.195
30230,163.080
30240,162.870
30250,161.265
30260,157.649
30270,156.946
30280,162.344
30290,163.700
30300,161.658
30310,161.977
30320,158.606
30330,161.887
30340,161.991
30350,156.802
30360,158.854
30370,162.077
30380,160.671
30390,165.023
30400,161.737
30410,163.892
30420,156.538
30430,166.200
30440,160.955
30450,163.020
30460,162.062
30470,162.602
30480,160.324
30490,159.375
30500,159.687
30510,162.339
30520,159.715
30530,164.130
30540,164.851
30550,161.732
30560,157.998
30570,161.954
30580,163.481
30590,163.403
30600,163.059
30610,161.109
30620,163.736
30630,165.637
30640,157.848
30650,162.497
30660,161.884
30670,161.354
30680,161.290
30690,165.953
30700,159.753
30710,158.750
30720,161.654
30730,165.397
30740,157.295
30750,162.203
30760,159.537
30770,158.221
30780,160.514
30790,161.813
30800,164.232
30810,159.442
30820,160.812
30830,161.878
30840,161.763
30850,161.625
30860,160.316
30870,157.850
30880,161.257
30890,160.720
30900,162.167
30910,160.243
30920,160.345
30930,159.573
30940,164.729
30950,163.286
30960,163.295
30970,160.407
30980,161.874
30990,161.848
31000,164.356
31010,160.517
31020,160.541
31030,162.058
31040,163.545
31050,166.832
31060,159.576
31070,159.158
31080,163.288
31090,162.145
31100,163.156
31110,162.703
31120,158.891
31130,162.149
31140,165.373
31150,163.229
31160,160.137
31170,158.847
31180,159.295
31190,161.954
31200,159.303
31210,159.259
31220,159.407
31230,162.017
31240,163.263
31250,161.946
31260,160.458
31270,163.082
31280,162.168
31290,160.363
31300,166.342
31310,158.541
31320,161.425
31330,161.567
31340,165.047
31350,160.929
31360,163.124
31370,161.309
31380,161.557
31390,159.892
31400,161.041
31410,164.627
31420,157.144
31430,160.749
31440,164.814
31450,165.006
31460,158.789
31470,160.178
31480,156.796
31490,162.541
31500,161.724
31510,162.566
31520,161.941
31530,162.305
31540,163.462
31550,160.984
31560,159.381
31570,158.676
31580,162.399
31590,163.363
31600,160.679
31610,161.676
31620,158.280
31630,164.467
31640,160.740
31650,159.214
31660,158.927
31670,160.510
31680,161.139
31690,165.040
31700,163.111
31710,163.798
31720,161.208
31730,160.491
31740,162.695
31750,161.860
31760,160.683
31770,159.370
31780,161.585
31790,163.148
31800,163.384
31810,162.884
31820,163.177
31830,163.259
31840,160.061
31850,164.947
31860,164.986
31870,156.852
31880,161.045
31890,157.885
31900,162.713
31910,164.281
31920,159.154
31930,162.184
31940,159.175
31950,166.161
31960,160.761
31970,161.832
31980,160.133
31990,162.225
32000,165.318
32010,165.589
32020,164.438
32030,161.978
32040,163.262
32050,161.505
32060,161.154
32070,161.240
32080,163.648
32090,160.561
32100,163.379
32110,163.347
32120,159.482
32130,165.858
32140,163.295
32150,164.201
32160,159.530
32170,159.383
32180,159.564
32190,163.882
32200,162.943
32210,162.691
32220,164.640
32230,159.597
32240,161.825
32250,162.198
32260,160.890
32270,161.987
32280,160.264
32290,162.767
32300,161.579
32310,161.374
32320,161.303
32330,160.232
32340,164.194
32350,162.645
32360,164.165
32370,159.795
32380,159.430
32390,163.780
32400,161.231
32410,162.829
32420,157.046
32430,163.308
32440,161.748
32450,164.436
32460,159.460
32470,159.916
32480,159.931
32490,162.127
32500,161.459
32510,160.675
32520,162.971
32530,162.123
32540,158.884
32550,163.759
32560,165.175
32570,159.055
32580,160.927
32590,161.966
32600,165.789
32610,158.208
32620,162.806
32630,162.964
32640,161.136
32650,163.610
32660,159.835
32670,158.386
32680,159.936
32690,163.617
32700,166.979
32710,159.893
32720,160.696
32730,158.186
32740,162.895
32750,162.817
32760,163.564
32770,161.186
32780,163.287
32790,160.437
32800,162.846
32810,157.328
32820,160.279
32830,158.439
32840,161.624
32850,163.865
32860,162.115
32870,159.915
32880,159.421
32890,162.506
32900,165.584
32910,162.030
32920,157.345
32930,162.911
32940,162.695
32950,164.231
32960,158.099
32970,158.690
32980,160.572
32990,165.632
33000,161.294
33010,161.719
33020,163.768
33030,159.687
33040,160.829
33050,160.729
33060,161.370
33070,159.341
33080,159.129
33090,161.946
33100,162.209
33110,156.171
33120,163.202
33130,159.874
33140,163.546
33150,163.971
33160,162.639
33170,159.485
33180,160.107
33190,163.271
33200,160.483
33210,162.108
33220,162.914
33230,161.402
33240,164.136
33250,161.571
33260,159.835
33270,161.835
33280,160.278
33290,161.881
33300,159.450
33310,161.858
33320,159.188
33330,158.042
33340,161.413
33350,163.993
33360,162.893
33370,159.792
33380,160.864
33390,163.697
33400,161.340
33410,160.794
33420,159.179
33430,162.091
33440,159.693
33450,163.018
33460,161.724
33470,162.492
33480,159.745
33490,158.819
33500,160.672
33510,162.333
33520,160.290
33530,161.554
33540,161.091
33550,162.524
33560,162.143
33570,163.198
33580,157.620
33590,159.246
33600,163.184
33610,164.008
33620,161.848
33630,158.529
33640,160.368
33650,160.363
33660,162.997
33670,161.992
33680,158.565
33690,161.089
33700,166.567
33710,163.018
33720,164.531
33730,159.555
33740,162.614
33750,163.775
33760,159.852
33770,161.981
33780,158.540
33790,162.282
33800,162.101
33810,160.803
33820,158.209
33830,159.741
33840,162.247
33850,160.006
33860,165.742
33870,164.543
33880,156.714
33890,161.515
33900,162.099
33910,160.963
33920,163.070
33930,162.897
33940,160.322
33950,160.756
33960,162.340
33970,161.646
33980,158.051
33990,158.637
34000,161.679
34010,164.531
34020,161.869
34030,161.260
34040,160.701
34050,162.272
34060,162.879
34070,164.655
34080,157.625
34090,157.938
34100,159.517
34110,161.927
34120,161.844
34130,159.530
34140,160.039
34150,165.113
34160,160.679
34170,163.654
34180,162.152
34190,160.692
34200,161.053
34210,162.450
34220,162.873
34230,160.998
34240,159.063
34250,164.176
34260,165.844
34270,157.260
34280,160.339
34290,159.984
34300,159.403
34310,160.076
34320,165.870
34330,160.855
34340,160.586
34350,161.303
34360,161.478
34370,159.045
34380,159.981
34390,161.452
34400,160.888
34410,164.000
34420,163.908
34430,161.965
34440,159.665
34450,162.626
34460,163.354
34470,164.218
34480,160.042
34490,160.325
34500,164.497
34510,166.138
34520,160.825
34530,160.482
34540,158.272
34550,164.624
34560,163.338
34570,157.707
34580,159.843
34590,161.658
34600,162.543
34610,162.815
34620,163.036
34630,163.861
34640,160.889
34650,160.572
34660,163.575
34670,165.990
34680,159.255
34690,159.489
34700,160.671
34710,161.395
34720,163.300
34730,159.614
34740,159.295
34750,163.702
34760,164.798
34770,159.857
34780,165.900
34790,162.341
34800,159.930
34810,160.534
34820,161.678
34830,160.424
34840,159.446
34850,162.179
34860,163.394
34870,161.527
34880,158.975
34890,159.968
34900,160.089
34910,164.402
34920,160.361
34930,157.892
34940,158.776
34950,163.976
34960,163.884
34970,160.456
34980,159.007
34990,159.494
35000,163.044
35010,163.128
35020,161.537
35030,161.338
35040,161.863
35050,155.824
35060,162.472
35070,163.572
35080,158.097
35090,157.088
35100,162.915
35110,161.286
35120,162.645
35130,164.323
35140,158.523
35150,157.877
35160,161.543
35170,163.250
35180,159.290
35190,162.135
35200,159.783
35210,163.787
35220,162.829
35230,161.172
35240,160.427
35250,159.050
35260,158.004
35270,160.228
35280,165.051
35290,159.674
35300,160.540
35310,163.538
35320,166.002
35330,159.404
35340,160.765
35350,163.148
35360,162.284
35370,161.720
35380,161.463
35390,160.460
35400,163.670
35410,160.688
35420,162.928
35430,159.574
35440,158.621
35450,157.751
35460,163.403
35470,163.796
35480,159.756
35490,158.030
35500,163.738
35510,159.168
35520,165.702
35530,161.547
35540,158.682
35550,159.009
35560,158.390
35570,164.253
35580,157.393
35590,158.235
35600,161.574
35610,165.764
35620,165.043
35630,157.927
35640,158.448
35650,159.609
35660,162.138
35670,163.251
35680,164.540
35690,160.129
35700,160.637
35710,162.488
35720,162.753
35730,160.092
35740,161.911
35750,164.978
35760,165.420
35770,160.398
35780,164.154
35790,157.641
35800,160.759
35810,160.730
35820,165.315
35830,160.850
35840,159.834
35850,161.282
35860,164.314
35870,160.010
35880,160.550
35890,159.994
35900,159.375
35910,162.198
35920,162.525
35930,158.489
35940,160.285
35950,160.779
35960,161.688
35970,158.437
35980,163.622
35990,160.365
36000,159.123
36010,160.008
36020,162.399
36030,163.580
36040,157.997
36050,157.801
36060,161.980
36070,162.952
36080,164.581
36090,165.835
36100,160.662
36110,161.420
36120,162.633
36130,164.285
36140,158.261
36150,163.252
36160,161.830
36170,162.938
36180,161.483
36190,160.736
36200,157.415
36210,162.290
36220,162.891
36230,159.466
36240,160.203
36250,159.745
36260,161.768
36270,164.893
36280,163.803
36290,157.488
36300,159.350
36310,160.014
36320,163.295
36330,165.175
36340,162.773
36350,163.090
36360,157.381
36370,162.373
36380,166.161
36390,161.031
36400,159.990
36410,160.573
36420,163.075
36430,162.382
36440,158.815
36450,161.979
36460,162.276
36470,162.375
36480,162.179
36490,160.144
36500,162.269
36510,158.477
36520,165.819
36530,166.712
36540,160.283
36550,160.524
36560,161.245
36570,163.573
36580,161.197
36590,155.262
36600,162.646
36610,160.538
36620,161.308
36630,159.481
36640,162.198
36650,159.687
36660,162.082
36670,161.578
36680,158.092
36690,163.279
36700,156.285
36710,161.826
36720,164.897
36730,166.801
36740,161.259
36750,159.993
36760,159.792
36770,159.979
36780,161.067
36790,163.886
36800,159.216
36810,162.977
36820,164.467
36830,163.821
36840,161.215
36850,159.081
36860,160.691
36870,160.142
36880,162.713
36890,162.327
36900,161.284
36910,160.517
36920,162.938
36930,163.848
36940,160.077
36950,158.740
36960,162.776
36970,163.493
36980,160.460
36990,165.795
37000,157.692
37010,160.729
37020,163.735
37030,165.373
37040,156.930
37050,156.265
37060,161.385
37070,164.054
37080,163.299
37090,163.576
37100,160.296
37110,158.584
37120,166.238
37130,165.672
37140,162.986
37150,162.414
37160,160.488
37170,159.699
37180,160.737
37190,162.332
37200,158.171
37210,161.826
37220,163.069
37230,158.869
37240,162.361
37250,161.523
37260,161.180
37270,166.797
37280,163.200
37290,161.739
37300,160.781
37310,159.200
37320,162.137
37330,160.878
37340,158.644
37350,159.681
37360,161.861
37370,158.706
37380,163.844
37390,159.348
37400,157.166
37410,160.552
37420,165.545
37430,158.460
37440,164.871
37450,161.682
37460,160.760
37470,160.663
37480,160.196
37490,161.594
37500,159.277
37510,162.750
37520,161.228
37530,163.066
37540,163.407
37550,159.076
37560,154.939
37570,162.744
37580,158.376
37590,161.743
37600,160.756
37610,163.411
37620,162.159
37630,164.801
37640,162.855
37650,159.505
37660,158.079
37670,158.889
37680,160.640
37690,162.214
37700,160.798
37710,160.728
37720,160.330
37730,163.233
37740,162.880
37750,162.154
37760,163.575
37770,161.714
37780,162.365
37790,162.668
37800,161.953
37810,161.320
37820,164.532
37830,166.307
37840,155.022
37850,157.400
37860,164.268
37870,164.605
37880,164.357
37890,161.706
37900,161.239
37910,161.806
37920,163.943
37930,160.695
37940,165.030
37950,159.875
37960,160.065
37970,163.925
37980,164.507
37990,160.154
38000,161.296
38010,162.917
38020,161.514
38030,165.430
38040,162.572
38050,159.990
38060,157.181
38070,161.214
38080,163.379
38090,162.318
38100,158.803
38110,161.262
38120,160.537
38130,162.645
38140,164.555
38150,159.917
38160,160.667
38170,162.006
38180,163.936
38190,157.865
38200,164.934
38210,161.559
38220,168.509
38230,164.545
38240,167.018
38250,160.382
38260,160.015
38270,162.605
38280,162.616
38290,163.262
38300,166.065
38310,156.876
38320,163.801
38330,167.107
38340,166.077
38350,159.636
38360,159.467
38370,160.879
38380,165.045
38390,164.140
38400,165.569
38410,160.958
38420,164.747
38430,161.003
38440,164.587
38450,163.821
38460,159.826
38470,163.735
38480,164.642
38490,160.299
38500,158.833
38510,160.613
38520,165.595
38530,160.619
38540,166.368
38550,159.343
38560,158.122
38570,164.903
38580,162.198
38590,164.153
38600,160.240
38610,162.075
38620,160.752
38630,161.840
38640,164.155
38650,165.992
38660,160.592
38670,160.731
38680,162.115
38690,161.728
38700,162.151
38710,161.675
38720,164.732
38730,164.284
38740,164.116
38750,163.351
38760,158.658
38770,161.599
38780,166.938
38790,161.728
38800,163.713
38810,158.753
38820,165.102
38830,164.670
38840,162.070
38850,163.180
38860,158.493
38870,160.488
38880,160.542
38890,160.718
38900,163.762
38910,160.415
38920,165.769
38930,163.372
38940,165.486
38950,157.478
38960,163.074
38970,159.075
38980,162.938
38990,164.266
39000,160.435
39010,161.522
39020,159.147
39030,162.676
39040,167.136
39050,165.729
39060,161.349
39070,160.472
39080,161.976
39090,164.318
39100,160.507
39110,160.081
39120,162.916
39130,164.066
39140,163.900
39150,159.708
39160,162.766
39170,162.232
39180,160.693
39190,164.517
39200,165.437
39210,158.557
39220,165.362
39230,160.570
39240,158.796
39250,165.390
39260,161.262
39270,160.592
39280,160.201
39290,162.499
39300,164.148
39310,159.040
39320,163.499
39330,162.557
39340,163.857
39350,166.377
39360,163.986
39370,159.837
39380,161.657
39390,162.818
39400,166.770
39410,161.044
39420,165.556
39430,164.931
39440,163.895
39450,160.378
39460,161.377
39470,160.181
39480,162.630
39490,159.954
39500,165.938
39510,163.394
39520,166.667
39530,163.498
39540,162.014
39550,163.152
39560,158.627
39570,158.140
39580,159.959
39590,164.418
39600,158.493
39610,161.878
39620,166.398
39630,162.497
39640,161.856
39650,161.238
39660,158.757
39670,158.685
39680,161.561
39690,164.526
39700,163.798
39710,162.001
39720,160.329
39730,162.031
39740,161.770
39750,161.998
39760,162.118
39770,163.984
39780,161.349
39790,163.553
39800,161.472
39810,164.531
39820,165.465
39830,163.352
39840,163.329
39850,162.942
39860,164.661
39870,162.218
39880,157.105
39890,162.002
39900,164.747
39910,165.768
39920,168.378
39930,160.871
39940,162.135
39950,165.132
39960,161.809
39970,161.464
39980,158.381
39990,160.261
40000,164.951
40010,161.480
40020,162.496
40030,160.938
40040,159.622
40050,163.311
40060,160.246
40070,161.616
40080,159.436
40090,164.731
40100,164.042
40110,165.148
40120,165.575
40130,163.491
40140,160.647
40150,159.589
40160,159.983
40170,160.900
40180,157.388
40190,163.694
40200,166.485
40210,163.564
40220,164.101
40230,163.201
40240,165.119
40250,164.572
40260,158.041
40270,160.298
40280,161.648
40290,160.364
40300,164.748
40310,162.116
40320,162.249
40330,161.472
40340,163.745
40350,164.002
40360,159.339
40370,158.992
40380,160.847
40390,162.246
40400,164.479
40410,159.855
40420,165.074
40430,163.767
40440,163.773
40450,157.062
40460,161.940
40470,160.889
40480,159.739
40490,164.465
40500,166.460
40510,161.728
40520,164.461
40530,161.520
40540,161.977
40550,162.757
40560,161.813
40570,161.986
40580,159.729
40590,157.782
40600,158.193
40610,163.056
40620,164.439
40630,158.651
40640,163.061
40650,159.938
40660,163.829
40670,161.111
40680,160.756
40690,159.557
40700,165.485
40710,164.482
40720,163.429
40730,163.083
40740,159.622
40750,164.504
40760,165.142
40770,161.965
40780,159.473
40790,162.317
40800,160.928
40810,163.032
40820,163.985
40830,156.449
40840,162.811
40850,165.404
40860,160.524
40870,157.410
40880,158.482
40890,162.159
40900,162.067
40910,162.196
40920,165.883
40930,161.230
40940,162.668
40950,163.831
40960,162.229
40970,164.149
40980,163.189
40990,162.763
41000,162.085
41010,163.930
41020,166.590
41030,164.366
41040,164.733
41050,164.123
41060,163.337
41070,162.983
41080,160.053
41090,158.939
41100,161.004
41110,162.337
41120,164.150
41130,158.449
41140,160.428
41150,160.850
41160,164.989
41170,161.487
41180,162.881
41190,162.660
41200,164.517
41210,160.335
41220,164.623
41230,162.092
41240,164.320
41250,161.986
41260,163.689
41270,160.632
41280,158.829
41290,159.320
41300,160.564
41310,164.200
41320,162.008
41330,160.249
41340,160.506
41350,164.389
41360,162.148
41370,159.967
